{"cameraMode":{"drawMode":0,"name":"Shaded","section":"Shading Mode"},"sceneLighting":true,"audioPlay":false,"sceneViewState":{"m_AlwaysRefresh":false,"showFog":true,"showSkybox":true,"showFlares":true,"showImageEffects":true,"showParticleSystems":true,"showVisualEffectGraphs":true,"m_FxEnabled":true},"in2DMode":false,"pivot":{"x":63.461734771728519,"y":15.673041343688965,"z":-19.718517303466798},"rotation":{"x":0.08094897121191025,"y":-0.43965253233909609,"z":0.03977051377296448,"w":0.8936904072761536},"size":10.249227523803711,"orthographic":false}