{"cameraMode":{"drawMode":0,"name":"Shaded","section":"Shading Mode"},"sceneLighting":true,"audioPlay":false,"sceneViewState":{"m_AlwaysRefresh":false,"showFog":true,"showSkybox":true,"showFlares":true,"showImageEffects":true,"showParticleSystems":true,"showVisualEffectGraphs":true,"m_FxEnabled":true},"in2DMode":false,"pivot":{"x":0.5682413578033447,"y":1.3245371580123902,"z":-0.2201857566833496},"rotation":{"x":0.14215800166130067,"y":-0.20449864864349366,"z":0.03002714179456234,"w":0.9680418372154236},"size":3.2005202770233156,"orthographic":false}